Pregnancies,PlasmaGlucose,DiastolicBloodPressure,TricepsThickness,SerumInsulin,BMI,DiabetesPedigree,AgeLog
1.0,0.3748975029753802,-0.6040404496926219,-1.3846219390542782,-0.7071067811865476,0.06667678203400423,0.9999999999999999,1.0
0.40000000000000013,-1.3683758858601365,1.409427715949451,0.9415429185569091,-0.7071067811865476,-1.2567212644679882,0.06240606857468829,0.0
0.0,0.9934783828847571,-0.8053872662568292,0.4430790204973689,1.4142135623730951,1.1900444824339849,0.0,0.0
